"System ID","UPC","EAN","Custom SKU","Manufact. SKU","Item","Remaining","Total Cost","Avg. Cost","Sale Price","Margin"
"210000000007","","","30005","30005","Vietnam 1965-1975 (1984) (used)","1","$0.00","$0.00","$44.95","100%"
"210000000008","079346001750","","","","Imaginiff: 10th Anniversary Edition (2008) (used)","1","$0.00","$0.00","$14.95","100%"
"210000000009","","","30012","","Sixth Fleet: Modern Naval Combat in the Mediterranean (1985) (used)","1","$0.00","$0.00","$49.95","100%"
"210000000010","045708008729","","","","Tac Air (1987) (used)","1","$0.00","$0.00","$49.95","100%"
"210000000011","050758300280","","","","Tokyo Express: The Guadalcanal Naval Campaign – 1942 (1988) (used)","1","$0.00","$0.00","$99.95","100%"
"210000000012","","","A390","","Sorry! (1929) (Made in 1972) (used)","1","$0.00","$0.00","$9.95","100%"
"210000000014","","","A-62","","Careers (1955) (Made in 1965) (used)","1","$0.00","$0.00","$19.95","100%"
"210000000021","074299427541","","","","Harry Potter and the Sorcerer's Stone The Game (2000) (used)","1","$0.00","$0.00","$19.95","100%"
"210000000024","210000000024","","","","Caveman (2007) (used)","1","$0.00","$0.00","$39.95","100%"
"210000000025","069545046003","","","","Sports Franchise (1988) (used)","1","$0.00","$0.00","$29.95","100%"
"210000000028","029877004836","","","","CATAN (1995) (3rd ed 2003) (Settlers of Catan) (used)","1","$0.00","$0.00","$29.95","100%"
"210000000029","029877004836","","","","CATAN (1995) (3rd ed 2003) (Settlers of Catan) (used)","1","$0.00","$0.00","$29.95","100%"
"210000000030","210000000030","","","","Scrabble (1948) (Made in 1953) (used)","1","$0.00","$0.00","$14.95","100%"
"210000000031","631080119674","","","","Ticked Off (2011) (used)","1","$0.00","$0.00","$14.95","100%"
"210000000032","071404310750","","","","Pente (1977) (Made in 2004) (used)","1","$0.00","$0.00","$19.95","100%"
"210000000033","032244041013","","","","HeroQuest (1989)","1","$0.00","$0.00","$199.95","100%"
"210000000034","669165001354","","","","Pirates of the Caribbean DVD Treasure Hunt (2006)","1","$0.00","$0.00","$14.95","100%"
"210000000036","","","1288-18","","Napoleon at Leipzig (1979)","1","$0.00","$0.00","$59.95","100%"
"210000000038","046363030162","","","","Napoleon's Last Battles (1976)  (Made in 1984) (used)","1","$0.00","$0.00","$59.95","100%"
"210000000039","","","480","","Operation Market Garden: Descent into Hell (1985)","1","$0.00","$0.00","$14.95","100%"
"210000000041","","","827","","War and Peace (1980)","1","$0.00","$0.00","$24.95","100%"
"210000000043","","","T107","","Trivial Pursuit: Genus II (1984)    (Master Game - Genus 2 Edition) (used)","1","$0.00","$0.00","$19.95","100%"
"210000000045","","","T105","","Trivial Pursuit: Baby Boomer Master Game (1981) (used)","1","$0.00","$0.00","$29.95","100%"
"210000000046","","","c40381","","Trivial Pursuit: 20th Anniversary Edition (2002) (Canadian Edition) (used)","1","$0.00","$0.00","$29.95","100%"
"210000000048","210000000048","","","","Trivial Pursuit: Genus IV (1996) (Card Set only)","1","$0.00","$0.00","$9.95","100%"
"210000000051","027084645200","","","","Apples to Apples: Party Box Expansion ONE (2004) (Made in 2007)","1","$0.00","$0.00","$9.95","100%"
"210000000052","210000000052","","","","Pass-out (1962) (25th Anniversary Edition) (Made in 1978) (used)","1","$0.00","$0.00","$19.95","100%"
"210000000053","673715828216","","","","Pass-out (1962) (Made in 1990) (used)","1","$0.00","$0.00","$14.95","100%"
"210000000054","021853039009","","","","Family Feud (1977)","1","$0.00","$0.00","$19.95","100%"
"210000000056","029877041220","","","","Giza: The Great Pyramid (2012)","1","$0.00","$0.00","$24.95","100%"
"210000000057","","","","","Think Twice (1974)","1","$0.00","$0.00","$24.95","100%"
"210000000060","210000000060","","","","Pacific Fleet (1983)","1","$0.00","$0.00","$59.95","100%"
"210000000061","210000000061","","","","Paydirt (1970) (Made in 1979) (used)","1","$0.00","$0.00","$99.95","100%"
"210000000062","793573912619","","","","Gross-abulary (2011)","1","$0.00","$0.00","$19.95","100%"
"210000000063","210000000063","","","","Richthofen's War: The Air War 1916-1918 (1972) (used)","1","$0.00","$0.00","$39.95","100%"
"210000000065","05075830013","","","","Pacific War: The Struggle Against Japan 1941-1945 (1985) (used)","1","$0.00","$0.00","$49.95","100%"
"210000000066","210000000066","","","","Assault: Tactical Combat in Europe – 1985 (1983) (used)","1","$0.00","$0.00","$34.95","100%"
"210000000067","008636200314","","","","Auction House and Club House Golf (1991) (NIS)","1","$0.00","$0.00","$29.95","100%"
"210000000069","050758300310","","","","3rd Fleet: Modern Naval Combat in the North Pacific, Caribbean, and Atlantic Oceans (1990) (used)","1","$0.00","$0.00","$199.95","100%"
"210000000070","050758300129","","","","Sixth Fleet: Modern Naval Combat in the Mediterranean (1985) (used)","1","$0.00","$0.00","$39.95","100%"
"210000000071","023332200054","","","","Murder à la carte: Chinese Takeout (1994) (used)","1","$0.00","$0.00","$14.95","100%"
"210000000072","210000000072","","","","Atlantic Wall: The Invasion of Europe June 1944 (1978) (used)","1","$0.00","$0.00","$179.95","100%"
"210000000074","210000000074","","","","Pacific War Classics Vol 1: Tarawa & Saipan (1992) (used)","1","$0.00","$0.00","$9.95","100%"
"210000000076","893477000037","","","","Birthday Gamesake (2004)","1","$0.00","$0.00","$19.95","100%"
"210000000077","772940000005","","","","Mindtrap (1991)","1","$0.00","$0.00","$9.95","100%"
"210000000079","029877004638","","","","Alibi (1993)","1","$0.00","$0.00","$9.95","100%"
"210000000080","66916500029","","","","Family Feud: DVD Game (2006) (used)","1","$0.00","$0.00","$4.95","100%"
"210000000081","073000000332","","","","Encore (1989)","1","$0.00","$0.00","$34.95","100%"
"210000000083","210000000083","","","","Eagle Eye Agency (1982)","1","$0.00","$0.00","$49.95","100%"
"210000000084","210000000084","","","","Clue (1949) (Made in 1969) (used)","1","$0.00","$0.00","$39.95","100%"
"210000000085","210000000085","","","","Too Bad! (2010)","1","$0.00","$0.00","$14.95","100%"
"210000000086","069545229956","","","","Who Wants to be a Millionaire? (2000)","1","$0.00","$0.00","$24.95","100%"
"210000000088","4010350101223","","","","Cubo (2014)","1","$0.00","$0.00","$4.95","100%"
"210000000092","210000000092","","","","The Game of Life (1960)","1","$0.00","$0.00","$29.95","100%"
"210000000095","056297604520","","","","Slang Teasers (1983) (2nd ed) (Made in 1992) (used)","1","$0.00","$0.00","$44.95","100%"
"210000000096","056297604506","","","","Slang Teasers (1983) (1st ed) (used)","1","$0.00","$0.00","$39.95","100%"
"210000000097","4005556260683","","","","Mr. Diamond (1993)","1","$0.00","$0.00","$34.95","100%"
"210000000098","794764014259","","","","Kids Battle the Grown-Ups (2002)","1","$0.00","$0.00","$29.95","100%"
"210000000102","210000000102","","","","Slang Teasers (1983) (1st ed) (used)","1","$0.00","$0.00","$44.95","100%"
"210000000104","069545470105","","","","Scribbage (1990)","1","$0.00","$0.00","$9.95","100%"
"210000000105","210000000105","","","","Flux (1986)","1","$0.00","$0.00","$34.95","100%"
"210000000106","210000000106","","","","I.Q. 2000 Trans Canada Trivia","1","$0.00","$0.00","$34.95","100%"
"210000000107","653569431121","","","","Clue: Secrets & Spies (2009) (used)","1","$0.00","$0.00","$19.95","100%"
"210000000109","724843279132","","","","Tiles (1990)","1","$0.00","$0.00","$14.95","100%"
"210000000110","838270000013","","","","Rummoli (1940) (Rummoli Deluxe) (Made in 1995) (used)","1","$0.00","$0.00","$9.95","100%"
"210000000112","0086362009055","","","","Scrabble (1948)  (Deluxe Travel Edition) (Made in 1999) (used)","1","$0.00","$0.00","$29.95","100%"
"210000000113","210000000113","","","","Chess 3-D (2001)","1","$0.00","$0.00","$39.95","100%"
"210000000116","699778109168","","","","World of Warcraft: The Boardgame (2005) (used)","1","$0.00","$0.00","$119.95","100%"
"210000000117","210000000117","","","","Scrabble (1948) (Scrabble Original) (Made in 2001) (used)","1","$0.00","$0.00","$34.95","100%"
"210000000118","683308444440","","","","Word Fall (2000)","1","$0.00","$0.00","$14.95","100%"
"210000000119","9780985914806","","","","Disaster Looms! (2012) (used)","1","$0.00","$0.00","$29.95","100%"
"210000000121","653569314752","","","","Trivial Pursuit: 25th Anniversary Edition (2008) (used)","1","$0.00","$0.00","$19.95","100%"
"210000000123","859961000099","","","","Oasis (2004)","1","$0.00","$0.00","$24.95","100%"
"210000000127","0262830186204","","","","Master Builder (2008)","1","$0.00","$0.00","$49.95","100%"
"210000000128","056297602205","","","","Mark Breslin's Yuk Yuk's Comedy Game (1990) (used)","1","$0.00","$0.00","$34.95","100%"
"210000000130","661141000184","","","","The Canadian City Challenge  (2001) (5 vs 5) (nis)","1","$0.00","$0.00","$14.95","100%"
"210000000131","073000000455","","","","Clue (1949) (Made in 1996) (used)","1","$0.00","$0.00","$34.95","100%"
"210000000132","093514273367","","","","Blurt! (1992) (used)","1","$2.00","$2.00","$5.95","66.39%"
"210000000133","759751001001","","","","Eagle Kingdoms (1994)","1","$0.00","$0.00","$14.95","100%"
"210000000134","020315009086","","","","Clever Endeavor (1989)","1","$0.00","$0.00","$19.95","100%"
"210000000135","772603010013","","","","Lady Luck (1986) (used)","1","$0.00","$0.00","$18.95","100%"
"210000000136","85996100303","","","","California (2006)","1","$0.00","$0.00","$14.95","100%"
"210000000138","653569251552","","","","Monopoly: Here & Now Electronic Banking (2006) (used)","1","$0.00","$0.00","$39.95","100%"
"210000000139","027084148190","","","","Scene It? Disney (2004) (dvd game) (used)","1","$0.00","$0.00","$24.95","100%"
"210000000140","027084105636","","","","Scene it? Jr. (2003) (dvd game) (used)","1","$0.00","$0.00","$29.95","100%"
"210000000141","210000000141","","","","Garage Sale (2013) (used)","1","$0.00","$0.00","$29.95","100%"
"210000000143","018886010457","","","","Dirty Minds: The Game of Naughty Clues (1990) (made in 2006) (used)","1","$0.00","$0.00","$19.95","100%"
"210000000144","210000000144","","","","Split-Level Aggravation (1971)","1","$0.00","$0.00","$19.95","100%"
"210000000145","653569601210","","","","Clue World of Harry Potter (2008)","1","$0.00","$0.00","$29.95","100%"
"210000000147","021853056587","","","","Wheel Of Fortune Deluxe (1986) (25th Silver Anniversary Edition) (Made in 2007) (used)","1","$0.00","$0.00","$24.95","100%"
"210000000148","210000000148","","","","Horse Sense (1992)","1","$0.00","$0.00","$34.95","100%"
"210000000149","667792000177","","","","Cranium: Hoopla (2002) (used)","1","$0.00","$0.00","$29.95","100%"
"210000000150","700304046239","","","","Monopoly: The Legend of Zelda (2014) (Collectors Edition) (used)","1","$0.00","$0.00","$59.95","100%"
"210000000151","032244047077","","","","Goosebumps: A Night in Terror Tower Game (1996)","1","$0.00","$0.00","$19.95","100%"
"210000000152","699788109212","","","","Warrior Knights (2006) (used)","1","$0.00","$0.00","$69.95","100%"
"210000000153","","","","","Face Off (1974)","1","$0.00","$0.00","$49.95","100%"
"210000000154","210000000154","","","","Children's Chess","1","$0.00","$0.00","$19.95","100%"
"210000000155","","","","","Waterworks (1972) (used)","1","$0.00","$0.00","$9.95","100%"
"210000000156","210000000156","","","","Waterworks (1972) (used)","1","$0.00","$0.00","$9.95","100%"
"210000000157","659390099998","","","","Whad'Ya Know? (2003) (used)","1","$0.00","$0.00","$4.95","100%"
"210000000158","655132001892","","","","The Yeti Slalom (2001)","1","$0.00","$0.00","$9.95","100%"
"210000000161","32898880002725","","","","War & Sheep (2002) (used)","1","$0.00","$0.00","$4.95","100%"
"210000000162","749501002037","","","","Cribb Derby (1991)","1","$0.00","$0.00","$49.95","100%"
"210000000164","032244041136","","","","Guesstures (1990) (missing 3 cards-still playable)","1","$0.00","$0.00","$14.95","100%"
"210000000165","210000025437","","","","The Target (2010) NIS","1","$0.00","$0.00","$9.95","100%"
"210000000168","655132002660","","","","Techno Witches (2005)","1","$0.00","$0.00","$4.95","100%"
"210000000169","210000025437","","","","Costa Ruana (2014) (made in 2018) (used)","1","$0.00","$0.00","$14.95","100%"
"210000000171","210000025437","","","","Urbania (2012)","1","$0.00","$0.00","$19.95","100%"
"210000000172","210000025437","","","","Fantahzee: Hordes & Heroes (2016) (used)","1","$0.00","$0.00","$14.95","100%"
"210000000264","3558380001218","","3558380001218","","Gold Und Rum (2003)","1","$0.01","$0.01","$14.95","99.93%"
"210000000639","4015566008502","","4015566008502","","Ahoy (2005)","1","$0.00","$0.00","$14.95","100%"
"210000000641","4015682298009","","4015682298009","","Ghost Blitz (2010) (Made in 2013) (used)","1","$0.00","$0.00","$9.95","100%"
"210000000642","3558380001218","","3558380001218","","Gold Und Rum (2003)","1","$0.00","$0.00","$0.00",""
"210000000647","8437007925333","","8437007925333","","Kalua (2012)","1","$0.00","$0.00","$14.95","100%"
"210000000648","","","40928","","Trivial Pursuit: Millennium Edition (1999) (used)","1","$0.00","$0.00","$0.00",""
"210000000649","023332200085","","023332200085","","Murder à la carte: Un-Happy Hour (1995) (used)","1","$0.00","$0.00","$14.95","100%"
"210000000650","807875000018","","807875000018","","Franchisit (2010)","1","$0.00","$0.00","$24.95","100%"
"210000000651","05959411114","","05959411114","","Final Strategy.","1","$0.00","$0.00","$34.95","100%"
"210000000652","9780978928889","","9780978928889","","Wealth of Nations (2008)","1","$0.00","$0.00","$149.95","100%"
"210000000653","65513200926","","65513200926","","Space Alert (2008)","1","$0.00","$0.00","$34.95","100%"
"210000000654","","","","","Pharaoh's Bluff (1997) (used)","1","$0.00","$0.00","$59.95","100%"
"210000000656","","","","","Monopoly Deluxe English Edition (1963)","1","$0.00","$0.00","$0.00",""
"210000000657","","","4200","","Happiness (1972)","1","$0.00","$0.00","$24.95","100%"
"210000000658","","","","","The Game of Love","1","$0.00","$0.00","$19.95","100%"
"210000000659","071404311023","","071404311023","","Mona Lisa Mysteries (2006)","1","$0.00","$0.00","$14.95","100%"
"210000000660","027084645224","","027084645224","","Apples to Apples Junior (2002) (Made in 2013)","1","$0.00","$0.00","$14.95","100%"
"210000000662","073000460457","","073000460457","","Trivial Pursuit: Genus IV (1996)","1","$0.00","$0.00","$19.95","100%"
"210000000663","655132001854","","655132001854","","Babel (2000)","1","$0.00","$0.00","$49.95","100%"
"210000000664","655132002059","","655132002059","","Odin's Ravens (2002) (used)","1","$0.00","$0.00","$29.95","100%"
"210000001201","824968818978","","824968818978","","Memoir '44: Air Pack (2007) (Expansion Mightier Yet!) (NIS)","1","$0.01","$0.01","$179.95","99.99%"
"210000001203","074299032301","","074299032301","","Cathedral (1979) (Made in 1986)","1","$0.01","$0.01","$14.95","99.93%"
"210000001204","045708064152","","045708064152","","Hoity Toity (1990) ( Adel Verphlichtet) (Made in 1991) (NIS)","1","$0.01","$0.01","$54.95","99.98%"
"210000001205","032244041136","","032244041136","","Guesstures (1990)  (Made in 1999)","1","$0.01","$0.01","$44.95","99.98%"
"210000001206","7640131630115","","7640131630115","","Tschak! (2011) NIS","1","$0.01","$0.01","$24.95","99.96%"
"210000001208","4005556271528","","4005556271528","","Adam & Eva (2004) (nis)","1","$0.01","$0.01","$24.95","99.96%"
"210000001210","","","","","Password (1962) (Volume 8)","1","$0.00","$0.00","$14.95","100%"
"210000001212","","","","","Password (1962) (Volume 10th edition)","1","$0.00","$0.00","$14.95","100%"
"210000001214","","","","","Panzer Leader: Game of Tactical Warfare on the Western Front (1974)","1","$0.01","$0.01","$49.95","99.98%"
"210000001216","","","","","Freedom in the Galaxy: The Star Rebellions, 5764 AD (1979)","1","$0.01","$0.01","$49.95","99.98%"
"210000001217","","","","","Hoax (1981)","1","$0.01","$0.01","$49.95","99.98%"
"210000001218","","","","","Wizard's Quest (1979)","1","$0.01","$0.01","$29.95","99.97%"
"210000001219","","","","","Superpower (1986)","1","$0.01","$0.01","$24.95","99.96%"
"210000001220","","","","","Firepower (1984)","1","$0.01","$0.01","$39.95","99.97%"
"210000001221","","","","","Patton's Best (1987)","1","$0.01","$0.01","$44.95","99.98%"
"210000001222","","","","","Challenge Bridge (1973)","1","$0.01","$0.01","$19.95","99.95%"
"210000001223","","","","","Air Superiority (1987)","1","$0.01","$0.01","$24.95","99.96%"
"210000001224","","","","","Moonstar (1981)","1","$0.01","$0.01","$59.95","99.98%"
"210000001225","","","","","221B Baker Street: The Master Detective Game (1975)","1","$0.01","$0.01","$19.95","99.95%"
"210000001226","","","","","The Lord of the Rings: The Two Towers Board Game (2003)","1","$0.01","$0.01","$19.95","99.95%"
"210000001227","","","","","Bowl Bound (1973)","1","$0.01","$0.01","$99.95","99.99%"
"210000001230","","","","","Attila (2000)","1","$0.01","$0.01","$29.95","99.97%"
"210000001231","","","","","Ad-Lib Crossword Cubes (1963) (Scribbage) (Made in 1968)","1","$0.01","$0.01","$14.95","99.93%"
"210000001232","","","","","Car Wars (1981) (Deluxe Edition) (Made in 1985)","1","$0.01","$0.01","$39.95","99.97%"
"210000001233","","","","","Diception (2011)","1","$0.01","$0.01","$19.95","99.95%"
"210000001235","","","","","Intern (1979)","1","$0.01","$0.01","$29.95","99.97%"
"210000001237","","","","","Word Power (1963)","1","$0.01","$0.01","$19.95","99.95%"
"210000001238","","","","","Richthofen's War: The Air War 1916-1918 (1972) (used)","1","$0.01","$0.01","$14.95","99.93%"
"210000001239","","","","","Judge Dredd (1982)","1","$0.01","$0.01","$59.95","99.98%"
"210000001240","","","","","Challenge Football (1972) (used)","1","$0.01","$0.01","$19.95","99.95%"
"210000001241","","","","","Facts in Five (1964)","1","$0.01","$0.01","$14.95","99.93%"
"210000001242","","","","","High-Bid (1963) (used)","1","$0.01","$0.01","$9.95","99.9%"
"210000001243","","","","","Foil (1968)","1","$0.01","$0.01","$9.95","99.9%"
"210000001244","","","","","Jumpin (1964)","1","$0.01","$0.01","$14.95","99.93%"
"210000001245","","","","","Gold! (1981) (used)","1","$0.01","$0.01","$14.95","99.93%"
"210000001246","","","","","Bureaucracy (1981)","1","$0.01","$0.01","$19.95","99.95%"
"210000001247","","","","","High-Bid (1963)  (Collector) (Made in 1977)","1","$0.01","$0.01","$24.95","99.96%"
"210000001248","","","","","Basketball Strategy (1974)","1","$0.01","$0.01","$19.95","99.95%"
"210000001250","","","","","Oh Snap! (1965) (Booby-Trap) (used)","1","$0.01","$0.01","$34.96","99.97%"
"210000001260","","","","","Luftwaffe: The Game of Aerial Combat Over Germany 1943-45 (1970)","1","$0.01","$0.01","$24.95","99.96%"
"210000001261","","","","","Lie, Cheat & Steal (1971)","1","$0.01","$0.01","$24.95","99.96%"
"210000001262","","","","","The Republic of Rome (1990)","1","$0.01","$0.01","$109.95","99.99%"
"210000001263","","","","","Dune (1979) (used)","1","$0.01","$0.01","$89.95","99.99%"
"210000001264","","","","","Starlord (1977) (used)","1","$0.01","$0.01","$44.95","99.98%"
"210000001265","","","","","USAC Auto Racing (1979) (used)","1","$0.01","$0.01","$44.95","99.98%"
"210000001266","","","","","Outlaw Trail: The Western Game (1972)","1","$0.01","$0.01","$29.95","99.97%"
"210000001267","","","","","Go (-2200) (1978)","1","$0.01","$0.01","$14.95","99.93%"
"210000001268","","","","","Supermoney (1978)","1","$0.01","$0.01","$19.95","99.95%"
"210000001270","","","","","Trivial Detective (1985)","1","$0.01","$0.01","$9.95","99.9%"
"210000001271","","","","","Maneuver (1979)","1","$0.01","$0.01","$14.95","99.93%"
"210000001272","","","","","The Game of France, 1940: German Blitzkrieg in the West (1971)","1","$0.01","$0.01","$29.95","99.97%"
"210000001273","","","","","Down with the King (1981)","1","$0.01","$0.01","$24.95","99.96%"
"210000001274","","","","","Tannenberg and the Opening Battles in the East 1914 (1978)","1","$0.01","$0.01","$34.95","99.97%"
"210000001275","54250921913","","54250921913","","Rampage (2013)","1","$0.00","$0.00","$79.95","100%"
"210000001276","","","","","Finance and Fortune (1932)","1","$0.00","$0.00","$49.95","100%"
"210000001278","074299429798","","074299429798","","Hilarium (2001) NIS","1","$0.00","$0.00","$29.95","100%"
"210000001284","","","","","Lovers Wild (1981)","1","$0.01","$0.01","$39.95","99.97%"
"210000001285","","","","","Ascension: Chronicle of the Godslayer (2010)","1","$0.01","$0.01","$14.95","99.93%"
"210000001287","","","","","Napoléon: The Waterloo Campaign, 1815 (1974) (Made in 1977)","1","$0.01","$0.01","$24.95","99.96%"
"210000001293","","","","","The Anyville Horror (2001)","1","$0.01","$0.01","$9.95","99.9%"
"210000001294","","","","","Sucking Vacuum (2002)","1","$0.01","$0.01","$16.95","99.94%"
"210000001296","","","","","Star Trek Deck Building Game: The Original Series (2012) NIS","1","$0.01","$0.01","$24.95","99.96%"
"210000001297","","","","","Race! Formula 90 (2013) NIS","1","$0.01","$0.01","$89.98","99.99%"
"210000001298","8033049930603","","","","Comuni (2008) NIS Board Game","1","$0.01","$0.01","$39.95","99.97%"
"210000001299","","","","","Origin (2013) NIS","1","$0.01","$0.01","$24.95","99.96%"
"210000001300","","","","","A La Carte (2010) NIS (Hidden)","1","$0.01","$0.01","$89.95","99.99%"
"210000001301","","","","","Caprice (1999) NIS","1","$0.01","$0.01","$19.95","99.95%"
"210000001302","","","","","Balance of Power (2012) (used)","1","$0.01","$0.01","$14.95","99.93%"
"210000001303","","","","","Freibeuter (1998) (used)","1","$0.01","$0.01","$24.95","99.96%"
"210000001308","","","","","Cosmic Encounter: Cosmic Storm (2013) (NIS)","1","$0.01","$0.01","$39.95","99.97%"
"210000001309","","","","","Dune: Spice Harvest (1984) (used)","1","$0.01","$0.01","$324.95","100%"
"210000001310","","","","","Dune: The Duel (1984) (NIS)","1","$0.01","$0.01","$169.95","99.99%"
"210000001311","681706714202","","","","The Battle at Kemble's Cascade (2014) (used)","1","$0.01","$0.01","$16.95","99.94%"
"210000001312","","","","","Among The Stars (2012)","1","$0.01","$0.01","$24.95","99.96%"
"210000001314","","","","","Planes (2014)","1","$0.01","$0.01","$19.95","99.95%"
"210000001315","","","","","Quits (1990) NIS","1","$0.01","$0.01","$29.95","99.97%"
"210000001318","","","","","Help! Who's Got my Mummy (2003)","1","$0.01","$0.01","$39.95","99.97%"
"210000001319","","","","","Trajan (2011)","1","$0.01","$0.01","$34.95","99.97%"
"210000001322","","","","","Bau auf! Used Board Game (1999)","1","$0.01","$0.01","$14.95","99.93%"
"210000001323","","","","","Twilight Struggle Unpunched Board Game (2005)","1","$0.01","$0.01","$45.95","99.98%"
"210000001324","080742013193","","","","Hacker II: The Dark Side (1993) (NIS)","1","$0.01","$0.01","$49.95","99.98%"
"210000001345","","","","","Stone Age (2008)","1","$0.00","$0.00","$49.95","100%"
"210000001347","","","","","Alien Artifacts (2017)","1","$0.01","$0.01","$19.95","99.95%"
"210000001350","","","","","Quebec 1759 (2006)","1","$0.01","$0.01","$24.95","99.96%"
"210000001352","","","","","Steam Park (2013)","1","$0.01","$0.01","$19.95","99.95%"
"210000001353","","","","","Sword and Skull (2005)","1","$0.01","$0.01","$14.95","99.93%"
"210000001354","35583800090778","","","","Bakong Used board game (2009)","1","$0.01","$0.01","$12.95","99.92%"
"210000001356","","","","","X-Bugs: Microscopic Mayham - USArthropods Vs. Flyborgs (2001) NIS","1","$0.01","$0.01","$14.95","99.93%"
"210000001357","","","","","Supremacy: Boomers - Ballistic Missile Subs (1990) NIS","1","$0.01","$0.01","$59.95","99.98%"
"210000001358","","","","","The King's Armory (2015) NIS","1","$0.01","$0.01","$59.95","99.98%"
"210000001359","","","","","Swords & Dragons (2000) NIS","1","$0.01","$0.01","$64.95","99.98%"
"210000001360","","","","","Code of Nine (2012) NIS","1","$0.01","$0.01","$19.95","99.95%"
"210000001361","","","","","Pew Pew! (2013) NIS","1","$0.01","$0.01","$39.95","99.97%"
"210000001362","","","","","Huns (2018) NIS","1","$0.01","$0.01","$19.95","99.95%"
"210000001363","","","","","Clash of the Gladiators (2002) NIS","1","$0.01","$0.01","$49.95","99.98%"
"210000001364","","","","","Brain Quest (1993) NIS","1","$0.01","$0.01","$14.95","99.93%"
"210000001365","","","","","Artus (2011) NIS","1","$0.01","$0.01","$49.95","99.98%"
"210000001367","","","","","Uchronia (2012) NIS","1","$0.01","$0.01","$39.95","99.97%"
"210000001369","","","","","Crystal Clans Bundle (2018) NIS","1","$0.01","$0.01","$69.95","99.99%"
"210000001370","","","","","Play Bridge (1989) NIS","1","$0.01","$0.01","$59.95","99.98%"
"210000001371","","","","","Pirate's Plunder (2000) NIS","1","$0.01","$0.01","$14.95","99.93%"
"210000001372","","","","","Spiderman DVD Blast (2007) NIS","1","$0.01","$0.01","$14.95","99.93%"
"210000001374","","","","","Bioshock Infinite: The Siege of Columbia (2013) NIS","1","$0.01","$0.01","$49.95","99.98%"
"210000001375","","","","","League of Pirates (2006) NIS","1","$0.01","$0.01","$14.95","99.93%"
"210000001377","","","","","Princes of the Renaissance (2003) NIS","1","$0.01","$0.01","$49.95","99.98%"
"210000001378","","","","","Igels: The Card Game (2005)","1","$0.01","$0.01","$14.95","99.93%"
"210000001379","","","","","ZOKI (1998) NIS","1","$0.01","$0.01","$59.95","99.98%"
"210000001380","","","","","Tile Chess (1999) NIS","1","$0.01","$0.01","$19.95","99.95%"
"210000001383","","","","","Oxford Dilemma: Word Roll (1999) NIS","1","$0.01","$0.01","$19.95","99.95%"
"210000001384","","","","","Jupiter (2004) NIS","1","$0.01","$0.01","$39.95","99.97%"
"210000001385","","","","","Jago (1984) NIS","1","$0.01","$0.01","$39.95","99.97%"
"210000001386","","","","","Wiz War (1997) NIS","1","$0.01","$0.01","$59.95","99.98%"
"210000001387","","","","","Magestorm (2010) NIS","1","$0.01","$0.01","$39.95","99.97%"
"210000001389","","","","","Das Ende des Triumvirats (2005) NIS","1","$0.01","$0.01","$29.95","99.97%"
"210000001391","","","","","Galactic Strike Force (2014)","1","$0.01","$0.01","$19.95","99.95%"
"210000001392","","","","","Ghostbusters 2 Kickstarter Extras (2017)","1","$0.01","$0.01","$149.95","99.99%"
"210000001393","","","","","Majesty: For the Realms (2017)","1","$0.01","$0.01","$19.95","99.95%"
"210000001395","9781589943582","","","","World of Warcraft: The Adventure Game (2008)","1","$0.01","$0.01","$49.95","99.98%"
"210000001398","","","","","Lucky Five (1998)","1","$0.01","$0.01","$29.95","99.97%"
"210000001399","","","","","Abyss Used Board Game (2014)","1","$0.01","$0.01","$34.95","99.97%"
"210000001401","","","","","Ys Bundle (2004) NIS","1","$0.01","$0.01","$49.95","99.98%"
"210000001402","","","","","Colt Express (2014) NIS","1","$0.01","$0.01","$34.95","99.97%"
"210000001406","","","","","Bushido: Der Weg des Kriegers (2008) NIS","1","$0.01","$0.01","$29.95","99.97%"
"210000001413","","","","","Comanauts (2019)","1","$0.01","$0.01","$29.95","99.97%"
"210000001415","","","","","Sophie's World (1998)","1","$0.01","$0.01","$19.95","99.95%"
"210000001417","","","","","Voila (2015)","1","$0.01","$0.01","$19.95","99.95%"
"210000001419","","","","","Simurgh (2015) NIS","1","$0.01","$0.01","$49.95","99.98%"
"210000001422","","","","","The Crow: Fire It Up! (2016)","1","$0.01","$0.01","$19.95","99.95%"
"210000001423","","","","","Aztlan (2012)","1","$0.01","$0.01","$39.95","99.97%"
"210000001425","","","","","Snow Tails (2008)","1","$0.01","$0.01","$39.95","99.97%"
"210000001426","","","","","Battleship Command: Pirate of the Caribbean (2006)","1","$0.01","$0.01","$14.95","99.93%"
"210000001428","","","","","Word for Word (1987)","1","$0.01","$0.01","$14.95","99.93%"
"210000001429","","","","","Rock Science (2011) NIS","1","$0.01","$0.01","$19.95","99.95%"
"210000001431","","","","","Hi-Spot (1969)","1","$0.01","$0.01","$9.95","99.9%"
"210000001432","","","","","Crisis (1975)","1","$0.01","$0.01","$24.95","99.96%"
"210000001433","","","","","Scrabble Upper Hand (1981)","1","$0.01","$0.01","$19.95","99.95%"
"210000001434","","","","","Asterix: The Board Game (1990)","1","$0.01","$0.01","$4.95","99.8%"
"210000001435","","","","","Attack! (2003)","1","$0.01","$0.01","$24.95","99.96%"
"210000001436","","","","","Break the Safe (2003)","1","$0.01","$0.01","$9.95","99.9%"
"210000001440","","","","","All Ears (1992)","1","$0.01","$0.01","$29.95","99.97%"
"210000001441","","","","","Acquire (1968)","1","$0.01","$0.01","$69.95","99.99%"
"210000001442","","","","","Aloha (2005)","1","$0.01","$0.01","$24.95","99.96%"
"210000001443","","","","","Azteca (1998)","1","$0.01","$0.01","$29.95","99.97%"
"210000001444","","","","","Anti-Monopoly (1973)","1","$0.01","$0.01","$24.95","99.96%"
"210000001445","","","","","Ultimate Auto Trivia (2002)","1","$0.01","$0.01","$19.95","99.95%"
"210000001446","","","","","Apples to Apples Party Box (2007)","1","$0.01","$0.01","$14.95","99.93%"
"210000001447","","","","","AmuseAmaze (2007)","1","$0.01","$0.01","$19.95","99.95%"
"210000001449","","","","","Azuma (1992)","1","$0.01","$0.01","$14.95","99.93%"
"210000001452","681706780085","","681706780085","ZMG 78008","Carcassonne 8: Castles, Bridges & Bazaars (2013) NIS","1","$0.01","$0.01","$69.95","99.99%"
"210000001453","681706780054","","681706780054","ZMG 78005","Carcassonne  Expansion 5: Abbey & Mayor (2013) NIS","5","$0.05","$0.01","$24.95","99.96%"
"210000001454","","","","","Expedition (1996) NIS","1","$0.01","$0.01","$49.95","99.98%"
"210000001455","","","","","Utopia (2007)","1","$0.01","$0.01","$29.95","99.97%"
"210000001457","","","","","The Game of Life (2007)","1","$0.01","$0.01","$9.95","99.9%"
"210000001458","","","","","Eye Jinxx (1990) NIS","1","$0.01","$0.01","$49.95","99.98%"
"210000001459","","","","","Empires of the Ancient World (2000) NIS","1","$0.01","$0.01","$99.95","99.99%"
"210000001460","","","","","Election USA (2004) NIS","1","$0.01","$0.01","$29.95","99.97%"
"210000001461","","","","","Key Largo (2005)","1","$0.01","$0.01","$19.95","99.95%"
"210000001462","","","","","Edison & Co. (1998)","1","$0.01","$0.01","$14.95","99.93%"
"210000001463","","","","","E.T.I. - Estimated Time to Invasion (2008)","1","$0.01","$0.01","$39.95","99.97%"
"210000001465","","","","","Snarf Quest (2001) NIS","1","$0.01","$0.01","$24.95","99.96%"
"210000001467","","","","","The Game of Dilemmas used board game (1982)","1","$0.01","$0.01","$19.95","99.95%"
"210000001468","041187070202","","","","Grand Master Used Board Game (1986)","1","$0.01","$0.01","$49.95","99.98%"
"210000001470","","","","","Ice Dice (2011)","1","$0.01","$0.01","$24.95","99.96%"
"210000001473","","","","","Octrix (1970)","1","$0.01","$0.01","$14.95","99.93%"
"210000001474","","","","","Queries'n Theories (1970)","1","$0.01","$0.01","$19.95","99.95%"
"210000001475","","","","","Grav Armor Used Board Game Incomplete (1982)","1","$0.01","$0.01","$19.95","99.95%"
"210000001476","","","","","Star Viking  Used Board Game (1981)","1","$0.01","$0.01","$24.95","99.96%"
"210000001477","","","","","APBA Pro Baseball (2006)","1","$0.01","$0.01","$39.95","99.97%"
"210000001479","","","","","Monopoly Championship Edition (2009)","1","$0.01","$0.01","$9.95","99.9%"
"210000001480","","","","","200 Games (2005)","1","$0.01","$0.01","$39.95","99.97%"
"210000001481","","","","","Monsters Ravage America (1998)","1","$0.01","$0.01","$34.95","99.97%"
"210000001484","","","","","Artifact (2004)","1","$0.01","$0.01","$14.95","99.93%"
"210000001488","","","","","Alphemo (1987)","1","$0.01","$0.01","$29.95","99.97%"
"210000001516","634482734681","","634482734681","","Heroes of Dominaria: Premium Edition (2018)","2","$40.00","$20.00","$39.95","49.94%"
"210000001517","019372417514","","019372417514","ISK1","Broken Token ISK1 Tokens for Coup Game (30) (2012)","8","$0.00","$0.00","$5.95","100%"
"210000001521","","","","","Dragon Dice: Kicker Pack 5 - Swamp Stalkers (1996) NIS","1","$0.01","$0.01","$34.95","99.97%"
"210000001523","","","","","Circus Maximus (1979) NIS","1","$0.01","$0.01","$74.95","99.99%"
"210000001525","","","","","Shakespeare: The Bard Game (2004) NIS","1","$0.01","$0.01","$34.95","99.97%"
"210000001526","","","","","Liberte (1998) NIS","1","$0.01","$0.01","$39.95","99.97%"
"210000001527","","","","","20th Century Limited (2015) NIS","1","$0.01","$0.01","$29.95","99.97%"
"210000001528","","","","","Municipium (2008) NIS","1","$0.01","$0.01","$29.95","99.97%"
"210000001529","","","","","Trias (2002) NIS","1","$0.01","$0.01","$74.95","99.99%"
"210000001530","","","","","Maharaja (1994) NIS","1","$0.01","$0.01","$54.95","99.98%"
"210000001532","","","","","Forbidden Stars Board Game (2015) NIS","1","$0.01","$0.01","$349.95","100%"
"210000001533","","","","","Global Mogul (2013) NIS","1","$0.01","$0.01","$24.95","99.96%"
"210000001535","","","","","Krone & Schwert (2002) NIS","1","$0.01","$0.01","$29.95","99.97%"
"210000001536","","","","","MoonDragon (1997) NIS","1","$0.01","$0.01","$74.95","99.99%"
"210000001537","","","","","Endeavor (2009) NIS","1","$0.01","$0.01","$74.95","99.99%"
"210000001538","","","","","Savannah Cafe (2001) NIS","1","$0.01","$0.01","$24.95","99.96%"
"210000001545","064075019947","","064075019947","","The Best of a Question of Scruples (1999)","1","$0.01","$0.01","$19.95","99.95%"
"210000001546","029877031177","","029877031177","","Catan Traders & Barbarians Game Cards (2008)","11","$0.11","$0.01","$9.95","99.9%"
"210000001547","681706784021","","681706784021","ZMG 78402","Carcassonne First Edition Mini Expansion 2: The Messengers (2012)","9","$27.00","$3.00","$24.95","87.98%"
"210000001548","","","disbezo","disbezo","Settlers of Catan board game Heroes & Capitols Scenario Expansion - A Fan Made Catan Expansion (2012)","12","$0.00","$0.00","$34.95","100%"
"210000001549","029877031320","","029877031320","","The Rivals for Catan - Age of Darkness Expansion (2011)","61","$0.61","$0.01","$5.95","99.83%"
"210000001552","029877004836","","029877004836","","CATAN (1995) (3rd ed 2003) (Settlers of Catan) (NIS)","1","$0.01","$0.01","$69.95","99.99%"
"210000001553","029877030637","","029877030637","","Settlers Of Catan: Seafarers Expansion Re-Launch Edition (2007) ( Hidden, missing)","3","$0.03","$0.01","$34.95","99.97%"
"210000001554","","","","","Nefertiti Expansion (2009) NIS","1","$0.01","$0.01","$29.95","99.97%"
"210000001555","","","","","Survivor DVD Blast (2006) NIS","1","$0.01","$0.01","$14.95","99.93%"
"210000001556","","","","","Budget Battlefield (2001) NIS","1","$0.01","$0.01","$34.95","99.97%"
"210000001557","","","","","Mythotopia (2014)","1","$0.01","$0.01","$19.95","99.95%"
"210000001559","","","","","Cleopatra and the Society of Architects (2006)","1","$0.01","$0.01","$29.00","99.97%"
"210000001563","","","","","Show Manager (2011)","1","$0.01","$0.01","$39.95","99.97%"
"210000001564","","","","","Troyes (2010)","1","$0.01","$0.01","$49.95","99.98%"
"210000001565","","","","","Navegador (2010)","1","$0.01","$0.01","$59.95","99.98%"
"210000001566","","","","","Ra (2005)","1","$0.01","$0.01","$79.95","99.99%"
"210000001569","","","","","Dragonland (2002)","1","$0.01","$0.01","$19.95","99.95%"
"210000001571","","","","","Cowboys: The Way of the Gun (2007)","1","$0.01","$0.01","$39.95","99.97%"
"210000001572","","","","","Caylus (2005)","1","$0.01","$0.01","$39.95","99.97%"
"210000001574","","","","","Ultimatum (1985)","1","$0.01","$0.01","$19.95","99.95%"
"210000001576","","","","","RoboRally (1994)","1","$0.01","$0.01","$89.95","99.99%"
"210000001577","","","","","RoboRally (2005)","1","$0.01","$0.01","$69.95","99.99%"
"210000001599","","","","","High 5 (1992) NIS","1","$0.01","$0.01","$19.95","99.95%"
"210000001600","","","","","Prophecy (2002) NIS","1","$0.01","$0.01","$39.95","99.97%"
"210000001602","","","","","Attack! (2003) NIS","1","$0.01","$0.01","$49.95","99.98%"
"210000001603","","","","","Doge (2000) NIS","1","$0.01","$0.01","$39.95","99.97%"
"210000001604","","","","","Sleuth (1981) NIS","1","$0.01","$0.01","$49.95","99.98%"
"210000001605","","","","","Star Wars: Jedi Unleashed (2002) NIS","1","$0.01","$0.01","$24.95","99.96%"
"210000001606","","","","","Quadefy (2011) NIS","1","$0.01","$0.01","$19.95","99.95%"
"210000001607","","","","","Guildhall (2012) NIS","1","$0.01","$0.01","$44.95","99.98%"
"210000001609","","","","","Libertalia (2012) NIS","1","$0.01","$0.01","$99.95","99.99%"
"210000001610","","","","","Hullabaloo: The Game of Observation (1992)","1","$0.01","$0.01","$49.95","99.98%"
"210000001611","","","","","Anasazi (2006)","1","$0.01","$0.01","$19.95","99.95%"
"210000001612","","","","","Godsfire (1976)","1","$0.01","$0.01","$29.95","99.97%"
"210000001613","","","","","Nations (2013) Used","1","$0.01","$0.01","$49.95","99.98%"
"210000001614","","","","","Automobile (2010)","1","$0.01","$0.01","$69.95","99.99%"
"210000001615","","","","","The Apprentice (2005)","1","$0.01","$0.01","$29.95","99.97%"
"210000001618","","","","","Senji (2008)","1","$0.01","$0.01","$79.95","99.99%"
"210000001621","","","","","Ascension: Theme Pack - Rat King (2010) NIS","2","$0.02","$0.01","$7.95","99.87%"
"210000001622","","","","","Ascension: Theme Pack - Rat Queen (2012) NIS","2","$0.02","$0.01","$7.95","99.87%"
"210000001623","","","","","Ascension: Theme Pack - Leprechaun (2011) NIS","2","$0.02","$0.01","$7.95","99.87%"
"210000001624","","","","","Knights of the Dinner Table: HACK! Card Game - Tomb of Vectra (2001) Teflon Billy (Sealed)","2","$0.02","$0.01","$14.95","99.93%"
"210000001625","","","","","Knights of the Dinner Table: HACK! Card Game - Tomb of Vectra (2001) El Ravager (Sealed)","2","$0.02","$0.01","$14.95","99.93%"
"210000001626","","","","","Knights of the Dinner Table: HACK! Card Game - Tomb of Vectra (2001) Gamemaster (Sealed)","1","$0.01","$0.01","$14.95","99.93%"
"210000001627","","","","","Knights of the Dinner Table: HACK! Card Game - Tomb of Vectra (2001) Knuckles the Thief (Not Sealed)","1","$0.01","$0.01","$9.95","99.9%"
"210000001628","","","","","Knights of the Dinner Table: HACK! Card Game - Tomb of Vectra (2001) Thorina (Not Sealed)","1","$0.01","$0.01","$9.95","99.9%"
"210000001629","","","","","Knights of the Dinner Table: HACK! Card Game - Tomb of Vectra (2001) Gamemaster (Not Sealed)","1","$0.01","$0.01","$9.95","99.9%"
"210000001630","","","","","ROFL! (2013)","1","$0.01","$0.01","$14.95","99.93%"
"210000001631","","","","","GemPacked Cards (2015) NIS","1","$0.01","$0.01","$29.95","99.97%"
"210000001632","","","","","Who's Who - Volume 1 (1992)","1","$0.01","$0.01","$19.95","99.95%"
"210000001633","","","","","Code 777 - 25th Anniversary Edition (2010)","1","$0.01","$0.01","$49.95","99.98%"
"210000001634","","","","","Among the Stars (2012)","1","$0.01","$0.01","$24.95","99.96%"
"210000001636","","","","","Crib-Ante (Cribbage)","1","$0.01","$0.01","$99.95","99.99%"
"210000001638","","","","","20th Century Time Travel Card Game (2003) NIS","1","$0.01","$0.01","$39.95","99.97%"
"210000001639","","","","","Gangland! (1996)","1","$0.01","$0.01","$49.95","99.98%"
"210000001640","","","","","Battleship: G.I. JOE The Rise of Cobra Edition (2009)","1","$0.01","$0.01","$19.95","99.95%"
"210000001642","","","","","Galapa Go (2011) NIS","1","$0.01","$0.01","$39.95","99.97%"
"210000001643","","","","","Concatenate!","1","$0.01","$0.01","$49.95","99.98%"
"210000001645","","","","","Palatinus (2005) NIS","1","$0.01","$0.01","$19.95","99.95%"
"210000001646","","","","","Wildside (2003) NIS","1","$0.01","$0.01","$19.95","99.95%"
"210000001647","","","","","Word Trek (1993) NIS","1","$0.01","$0.01","$29.95","99.97%"
"210000001648","","","","","When Darkness Comes (2002)","1","$0.01","$0.01","$14.95","99.93%"
"210000001649","","","","","Der Weg nach Drakonia (2005) NIS","1","$0.01","$0.01","$24.95","99.96%"
"210000001650","","","","","Big Top (2003) NIS","1","$0.01","$0.01","$14.95","99.93%"
"210000001651","","","","","Calypso (1987) NIS","1","$0.01","$0.01","$29.95","99.97%"
"210000001652","","","","","GoGoGo (2005) NIS","1","$0.01","$0.01","$9.95","99.9%"
"210000001653","","","","","Figaro (2006)","1","$0.01","$0.01","$9.95","99.9%"
"210000001655","","","","","Pass the Popcorn! (2008)","1","$0.01","$0.01","$14.95","99.93%"
"210000001658","","","","","Ulm (2016) NIS","1","$0.01","$0.01","$44.95","99.98%"
"210000001659","","","","","Mystery of the Abbey (2005)","1","$0.01","$0.01","$59.95","99.98%"
"210000001660","","","","","Duelosaur Island (2018)","1","$0.01","$0.01","$29.95","99.97%"
"210000001663","","","","","Farmageddon (2012)","1","$0.01","$0.01","$14.95","99.93%"
"210000001666","","","","","Trains and Stations (2013)","1","$0.01","$0.01","$14.95","99.93%"
"210000001667","","","","","Fool's Gold (2015)","1","$0.01","$0.01","$29.95","99.97%"
"210000001668","","","","","Corinth (2019) NIS","1","$0.01","$0.01","$24.95","99.96%"
"210000001669","","","","","Magical Athlete (2002)","1","$0.01","$0.01","$99.95","99.99%"
"210000001670","","","","","Age of Towers (2018) NIS","1","$0.01","$0.01","$19.95","99.95%"
"210000001672","","","","","Dojo Kun (2015) NIS","1","$0.01","$0.01","$24.95","99.96%"
"210000001675","","","","","Goblins, Inc. (2012) NIS","1","$0.01","$0.01","$29.95","99.97%"
"210000001677","","","","","Voltage (2006)","1","$0.01","$0.01","$4.95","99.8%"
"210000001678","","","","","Garten-Zwerge e.V. (2004)","1","$0.01","$0.01","$9.95","99.9%"
"210000001679","","","","","Pixie Queen (2017) NIS","1","$0.01","$0.01","$39.95","99.97%"
"210000001680","","","","","Kings & Things (2010)","1","$0.01","$0.01","$89.95","99.99%"
"210000001681","","","","","Barcelona: The Rose of Fire (2016) NIS","1","$0.01","$0.01","$39.95","99.97%"
"210000001689","","","","","Alchemist Academy (2013) NIS","1","$0.01","$0.01","$24.95","99.96%"
"210000001690","","","","","Shuffle Grand Prix (2019) NIS","1","$0.01","$0.01","$14.95","99.93%"
"210000001694","","","","","Shear Panic (2005)","1","$0.01","$0.01","$19.95","99.95%"
"210000001695","","","","","Abandon Ship (2008)","1","$0.01","$0.01","$19.95","99.95%"
"210000001696","","","","","Indiana Jones DVD Adventure (2008)","1","$0.01","$0.01","$9.95","99.9%"
"210000001697","","","","","Sentient (2017) NIS","1","$0.01","$0.01","$69.95","99.99%"
"210000001701","","","","","Mafiozoo (2017) NIS","1","$0.01","$0.01","$34.95","99.97%"
"210000001702","","","","","Caesar & Cleopatra (1999)","1","$0.01","$0.01","$19.95","99.95%"
"210000001703","","","","","Leaping Lemmings (2010)","1","$0.01","$0.01","$34.95","99.97%"
"210000001706","","","","","Templars' Journey (2017) NIS","1","$0.01","$0.01","$29.95","99.97%"
"210000001707","","","","","Marrakech (2010)","1","$0.01","$0.01","$29.95","99.97%"
"210000001708","","","","","The Settlers of Catan: 5-6 Player Expansion ‐ English First Edition (1999) - NIS","8","$0.08","$0.01","$89.95","99.99%"
"210000001709","","","","","Catan: Seafarers: 5-6 Player Extension ‐ English Second Edition (2007) - NIS","17","$0.17","$0.01","$49.95","99.98%"
"210000001710","","","","","Catan: Cities & Knights: 5-6 Player Extension ‐ English Second Edition Relaunch (2014) - NIS","17","$0.17","$0.01","$29.95","99.97%"
"210000001711","","","","","Catan: Cities & Knights ‐ English Second Edition Relaunch (2012) - NIS","15","$0.15","$0.01","$59.95","99.98%"
"210000001712","","","","","Catan: Explorers & Pirates ‐ English First Edition (2013) - NIS","14","$0.14","$0.01","$49.95","99.98%"
"210000001713","","","","","Catan: Traders & Barbarians ‐ English First Edition, Second Printing (2012) - NIS","2","$0.02","$0.01","$49.95","99.98%"
"210000001714","","","","","Catan: Traders & Barbarians: 5-6 Player Extension ‐ English First Edition (2008) - NIS","12","$0.12","$0.01","$24.95","99.96%"
"210000001715","","","","","The Seafarers of Catan: 5-6 Player Expansion ‐ English First Edition (1999) - NIS","1","$0.01","$0.01","$69.95","99.99%"
"210000001717","","","","","Nobody is Perfect (1992)","1","$0.01","$0.01","$19.95","99.95%"
"210000001718","","","","","Costume Party (2015) NIS","1","$0.01","$0.01","$29.95","99.97%"
"210000001719","","","","","JAB: Realtime Boxing (2011)","1","$0.01","$0.01","$14.95","99.93%"
"210000001720","","","","","Beasty Bar (2014) NIS","1","$0.01","$0.01","$19.95","99.95%"
"210000001721","","","","","Odd World Used Board Game (2015)","1","$0.01","$0.01","$9.95","99.9%"
"210000001722","","","","","Stellar Conquest (1975)","1","$0.01","$0.01","$49.95","99.98%"
"210000001723","","","","","Urbania (2012)","1","$0.01","$0.01","$24.95","99.96%"
"210000001724","","","","","Herocard Galaxy (2006)","1","$0.01","$0.01","$14.95","99.93%"
"210000001726","","","","","Ramses Pyramid (2009) NIS","1","$0.01","$0.01","$24.95","99.96%"
"210000001727","","","","","On Assignment with National Geographic (1990)","1","$0.01","$0.01","$29.95","99.97%"
"210000001728","","","","","Break the Bank (1977)","1","$0.01","$0.01","$44.95","99.98%"
"210000001729","","","","","Imperium: 3rd Millennium (2001)","1","$0.01","$0.01","$64.95","99.98%"
"210000001730","","","","","Harry Potter Hogwarts (2010)","1","$0.01","$0.01","$29.95","99.97%"
"210000001731","","","","","Cairo (2002)","1","$0.01","$0.01","$24.95","99.96%"
"210000001733","","","","","Dexterity (1985)","1","$0.01","$0.01","$49.95","99.98%"
"210000001734","","","","","Who Stole the Cookie (2014) NIS","1","$0.01","$0.01","$19.95","99.95%"
"210000001837","","","","","Legends of Robin Hood Board game 1991","1","$1.00","$1.00","$59.00","98.31%"
"210000001838","","","","","Tee Off on Golf (1994) NIS","1","$0.01","$0.01","$34.95","99.97%"
"210000001839","","","","","A Bug's Life: Topple Hopper 3-D Game (1998) NIS","1","$0.01","$0.01","$39.95","99.97%"
"210000001840","","","","","S'Erum, Ophidian Sydion (2006) NIS","1","$0.01","$0.01","$64.95","99.98%"
"210000001841","","","","","Valley of the Mammoths (1991) NIS","2","$0.02","$0.01","$99.95","99.99%"
"210000001842","","","","","Tikal (1999) NIS","1","$0.01","$0.01","$54.95","99.98%"
"210000001843","","","","","Die Seidenstraße (1998) NIS","1","$0.01","$0.01","$39.95","99.97%"
"210000001844","","","","","Super Stars Football: Premiere Edition (2000) NIS","3","$0.03","$0.01","$19.95","99.95%"
"210000001845","","","","","Real Vegas (2005) NIS","1","$0.01","$0.01","$49.95","99.98%"
"210000001846","","","","","The All Canadian Trivia Board Game: Millennium Edition (1999) NIS","1","$0.01","$0.01","$29.95","99.97%"
"210000001847","","","","","GoVenture Card Game: Entrepreneur (2007)","1","$0.01","$0.01","$24.95","99.96%"
"210000001848","","","","","Lotus (2016) NIS","1","$0.01","$0.01","$24.95","99.96%"
"210000001849","","","","","Quao (2007)","1","$0.01","$0.01","$19.95","99.95%"
"210000001850","","","","","Paparazzo (1994) NIS","1","$0.01","$0.01","$19.95","99.95%"
"210000001851","","","","","BackRound (2002)","1","$0.01","$0.01","$24.95","99.96%"
"210000001852","","","","","Wordariffic (2015) NIS","1","$0.01","$0.01","$19.95","99.95%"
"210000001853","","","","","Biblios (2007)","1","$0.01","$0.01","$49.95","99.98%"
"210000001854","","","","","Mummy Rummy (1994)","2","$0.02","$0.01","$9.95","99.9%"
"210000001855","","","","","Trivial Pursuit: DVD – Pop Culture Game (2003)","1","$0.01","$0.01","$9.95","99.9%"
"210000001856","","","","","Mauerhüpfer (2014) NIS","1","$0.01","$0.01","$69.95","99.99%"
"210000001857","","","","","T.I.M.E Stories: Brotherhood of the Coast (2018) (nis)","1","$0.01","$0.01","$24.95","99.96%"
"210000001858","","","","","Alienz (2004) NIS","1","$0.01","$0.01","$19.95","99.95%"
"210000001859","","","","","Bedlamb (2014) NIS","1","$0.01","$0.01","$19.95","99.95%"
"210000001860","","","","","Trivial Pursuit: X (2017) NIS","2","$0.02","$0.01","$19.95","99.95%"
"210000001861","","","","","3 Monkeys (2015)","1","$0.01","$0.01","$19.95","99.95%"
"210000001862","","","","","Black Stories 2 (2005) NIS","1","$0.01","$0.01","$9.95","99.9%"
"210000001863","","","","","Crisis: Tokyo (2013) NIS","1","$0.01","$0.01","$19.95","99.95%"
"210000001864","","","","","12 Days (2011)","1","$0.01","$0.01","$9.95","99.9%"
"210000001865","","","","","Theories: it's a game (2005) NIS","1","$0.01","$0.01","$24.95","99.96%"
"210000001866","","","","","Streams (2011)","1","$0.01","$0.01","$19.95","99.95%"
"210000001867","","","","","Yum Poker (2009) NIS","1","$0.01","$0.01","$19.95","99.95%"
"210000001868","","","","","Senjutsu: Dynamic Samurai Combat (2003) NIS","1","$0.01","$0.01","$19.95","99.95%"
"210000001870","","","","","X-Machina (2003) NIS","1","$0.01","$0.01","$19.95","99.95%"
"210000001871","","","","","Saucy Charades (2004) NIS","1","$0.00","$0.00","$19.95","100%"
"210000001872","","","","","Ys (2005) NIS","1","$0.01","$0.01","$34.95","99.97%"
"210000001873","","","","","Screaming Eagles (1987) NIS","3","$0.03","$0.01","$49.95","99.98%"
"210000001874","","","","","Screaming Eagles (1987)","1","$0.01","$0.01","$24.95","99.96%"
"210000001876","","","","","Chaos in the Old World  (Consignment)","1","$0.01","$0.01","$185.00","99.99%"
"210000001878","","","","","PLOTT Adventures in Space board game","1","$0.01","$0.01","$19.00","99.95%"
"210000001879","857143000011","","","","Wall Street Spin Board Games ( NIS)","1","$0.01","$0.01","$29.00","99.97%"
"210000001880","655132003773","","","","Fast Flowing Forest Fellers board game NIS","1","$0.01","$0.01","$24.00","99.96%"
"210000001882","","","","","Battlemist Board Game The Stars of Timorran NIS 1998","1","$0.01","$0.01","$79.00","99.99%"
"210000001884","","","","G101CT17","CASHFLOW Investing 101 Board game used (2002)","1","$6.00","$6.00","$44.95","86.65%"
"210000001886","9781616617172","","","","Blood Bound Board Game Used (2013)","1","$0.01","$0.01","$9.95","99.9%"
"210000001890","3558380009078","","","","Bakong Used board game (2009)","1","$0.01","$0.01","$12.95","99.92%"
"210000001900","","","","","Battlemist Board Game The Stars of Timorran NIS   (1998)","1","$0.01","$0.01","$69.95","99.99%"
"210000001913","824968823958","","","7695","Battlelore Board Game Expansion Call to Arms NIS","5","$0.05","$0.01","$19.95","99.95%"
"210000001915","","","","","Gourmet Challenge Wine/Food Trivia game 1984 Contents Unopened","1","$0.01","$0.01","$59.95","99.98%"
"210000002054","07300000045","","","","Clue Used Board Game (2002)","1","$0.01","$0.01","$9.95","99.9%"
"210000002148","699788109212","","","","Warrior Knights Used Board Game (2006)","1","$0.01","$0.01","$36.95","99.97%"
"210000002233","","","","","Slang Teasers 2nd Edition (1984) (Green box)","1","$0.01","$0.01","$24.95","99.96%"
"210000002283","01884710030","","","","Imperium Romanum II (1985) (unpunched board game )","1","$0.01","$0.01","$74.95","99.99%"
"210000002433","032244041136","","","","Guesstures Used Board Game (1999)","1","$2.00","$2.00","$19.95","89.97%"
"210000002450","008636200014","","","","Empires of the Ancient World (2000), NIS","1","$0.01","$0.01","$84.95","99.99%"
"210000002459","","","","","Smokers Wild (1978) (B)","1","$0.01","$0.01","$29.95","99.97%"
